{
    "corpus": {
        "title": "Corpus",
        "description": "The corpus is the source of material that the player uses to generate its output from. A corpus is built from one or more MIDI-files using the Corpus Builder module of the somax.server object.\n\nThe corpus that the player will use can be selected with this drop down menu. If a corpus is not available in the list after successfully built, select the '-- click to refresh --' option and the menu will be updated.\n\nThis parameter is also available with the same behaviour in the compact interface."
    },
    "volatile": {
        "title": "Corpus Volatile Flag",
        "description": "Loading corpora built in an earlier version of Somax will not necessarily work - they will in most cases just provide a warning in the Max console that this is built using an old version. If you however still want to try, you can check this toggle at your own risk (don't worry, worst cases is that you'll have to restart the server - nothing will happen to the corpus itself or any part of Somax)!"
    },
    "pmode": {
        "title": "Playing Mode",
        "description": "This parameter controls the timing of when output is being generated.\n\nIf set to 'Manual', output will be generated each time an influence (or more specifically, an influence 'onset') is sent to the player. In most cases, this means that each time a note is played (from an audio or midi source), the player simultaneously responds with an output.\n\nIf set to 'Automatic', the player will continuously generate new output without any regards to the timing of the input (but of course regarding the melodic and harmonic content as usual, as well as the server tempo).\n\nThis parameter is controlled by the 'Playing mode' parameter in the compact interface, where the 'Reactive' mode sets this parameter to 'Manual' and the 'Continuous' mode sets this parameter to 'Automatic'. Note that 'Playing mode' parameter in the compact interface also controls a number of other parameters."
    },
    "igphase": {
        "title": "Ignore Phase",
        "description": "If this parameter is set to 'False', the player will apply a weight to each potential output candidate (at each generation time step) based on where it occurs in the beat. More specifically, it compares its position in the original corpus to the current beat of the server tempo. For example, if the player at any point in time where the server currently is on the second quaver of a beat, finds two matches in the corpus - one occuring at the first quaver of any beat and the other one occuring at the second - the player will apply a negative bias to the former match, thus prioritizing the match occuring at a similar time as the server time.\n\nIf this parameter is set to 'True', this behaviour will be entirely bypassed.\n\nThis parameter is also controlled by the 'Playing mode' parameter in the compact interface, where the 'Reactive' mode sets this parameter to 'True' and the 'Continuous' mode sets this parameter to 'False'. Note that 'Playing mode' parameter in the compact interface also controls a number of other parameters."
    },
    "notedur": {
        "title": "Note Duration",
        "description": "This parameter controls the durations of the generated output. If this parameter is set to 'As Original', the output will have the same duration as in the corpus (i.e. the original MIDI-file). If this parameter is set to 'Hold', Each output from its point of generation until the next point of generation. This can be used to sustain notes until the next onset is received while using the 'Manual' playing mode.\n\nThis parameter is also controlled by the 'Playing mode' parameter in the compact interface, where the 'Reactive' mode sets this parameter to 'Hold' and the 'Continuous' mode sets this parameter to 'As Original'. Note that 'Playing mode' parameter in the compact interface also controls a number of other parameters.  "
    },
    "onsets": {
        "title": "Onsets",
        "description": "Somax is able to reproduce and synthesize the precise timing-related expressivity of the original corpus by storing «almost simultaneous» notes as a single chord together with their internal temporal offset, thus preserving appogiaturas and performative timing-related aspects of the corpus. In some cases, especially when generating output note-by-note, this behaviour may be perceived as inexact. In these cases, setting this parameter to 'Synchronized' will make the player disregard all temporal offsets within a chord and play all the notes simultaneously.\n\nThis parameter is also controlled by the 'Playing mode' parameter in the compact interface, where the 'Reactive' mode sets this parameter to 'Synchronized' and the 'Continuous' mode sets this parameter to 'As Original'. Note that 'Playing mode' parameter in the compact interface also controls a number of other parameters."
    },
    "decaybasis": {
        "title": "Decay Basis",
        "description": "An important aspect of the idea that Somax is designed around is that matches found at a previous time step has a degree of impact on the generation process of the consecutive time steps. This behaviour is mainly controlled by the 'Decay time' parameter, which determines how many time steps previous peaks should be active for. These previous matches will also be shifted in time upon the consecutive time steps to align them to the amount of time that has passed since that previous match was generated.\n\nWhat this parameter does is to control the time scale of how this shifting is being made. When set to 'Event', the previous matches will be shifted by exactly the time corresponding to one event once the an influence 'onset' is received. When set to 'Time', the shift will be done continuously upon generating each note corresponding to the tempo of the server.\n\nThis parameter is also controlled by the 'Playing mode' parameter in the compact interface, where the 'Reactive' mode sets this parameter to 'Synchronized' and the 'Continuous' mode sets this parameter to 'As Original'. Note that 'Playing mode' parameter in the compact interface also controls a number of other parameters."
    },
    "contfactor": {
        "title": "Continuity Factor",
        "description": "In the corpus-based generative process that Somax uses, it's important to not simply replicate long fragments of the original corpus but to continuously make «jumps» in the corpus so that the output in some aspects result in something novel. At the same time, too frequent jumps may, depending on the corpus and influences, result in something completely incoherent. This parameter can be used to tune the balance between these two behaviours.\n\nA continuity factor of larger than one will prioritize continuation (and result in fewer jumps).\n\nA continuity factor of exactly 1.00 will result in no alterations (no bias introduced by this parameter).\n\nA continuity factor of less than one will prioritizing jumping."
    },
    "qualthresh": {
        "title": "Quality Threshold",
        "description": "Under the hood, each match found in the corpus is assigned a score (probability), which is further altered by all of the biasing parameters. The player will use this score to determine the best match and use that for its output. But even if the score is very low, or even if there are no matches at all, the player will by default output something. In some cases, having the system stay silent when there are no good matches may be a better choice, and is exactly what this parameter is for. This parameter sets a minimum score required for a match to qualify as output. For reference, a value of 0.01 will be sufficient to filter out all cases where there are no matches at all. A value of 0.1 will be sufficient to (assuming weights and other parameters are within common ranges) find rather good matches either harmonically or melodically, and a value of 1.0 (or larger) will generally remove everything but almost perfect replications of longer sections of the input, both harmonically and melodically."
    },
    "activetransp": {
        "title": "Active Transpositions",
        "description": "The player can also look for matches in transposed versions of the corpus as well as the original, which can be very useful for short corpora or other situations when there are problems with a low amount of matches. Given a corpus in C major, enabling the '0' and '+1' transposition means that it will look for matches in the same corpus transposed to C# as well as the original in C. The transposition range is set to -5 semitones (transposition to G major given corpus in C major) up to +6 semitones (transposition to F# major given corpus in C major).\n\nAny set of transpositions may be enabled, with or without the original ('0'), as long as at least one transposition is active (trying to remove the last transposition will result in an error message). But do note that a large amount of enabled transposition may impact the computation time of the player and in worst case result in perceiveable latency.\n\nAlso note that while this parameter should be operable in real-time, it may in some cases require a couple of seconds of computation time for large corpora, so make sure to experiment thoroughly with this parameter before altering it during a performance."
    },
    "atombypass": {
        "title": "Layer Bypass",
        "description": "The player is trying to match incoming influences in multiple layers. One layer matching harmonic input, one layer matching melodic input and one layer matching the previous output of the player itself. Toggling this flag will entirely bypass a specific layer, so that any matches in the bypassed layer won't be taken into account when generating the output."
    },
    "atomweight": {
        "title": "Layer Balance",
        "description": "These sliders are used to control the balance between the layers. In other words, determine whether the player should prioritize output corresponding to harmonic and/or melodic matches, or prioritize matches with its own previous output. In practice, this is done by applying a weight corresponding to the height of the slider to all matches in the corresponding layer.\n\nThese sliders are also available with the same behaviour in the compact interface."
    },
    "atommod12": {
        "title": "Layer Modulo 12",
        "description": "For layers that match some sort of pitch information (melodic/self layers), this button gives the option to choose between matching the exact pitch ('mod12'-button turned off) or the pitch class ('mod12'-button turned on). Enabling this will in most cases drastically increase the number of matches for that respective layer.\n\nThese buttons are also available with the same behaviour in the compact interface."
    },
    "memlen": {
        "title": "Layer Memory Length",
        "description": "So far in this documentation, the term 'match' hasn't really been explained. A match is, at a specific time step, a sequence in the corpus that matches the previous N influences sent to a specific layer. This parameter controls that «N». Setting this value to a low value will in other words look for short sequence in the memory (and in most cases increase the probability of finding matches, at the cost of each match containing less contextual information) while a high value will look for longer sequences (and in most cases reduce the probability of finding matches, where each match has a higher degree of contextual information). Finding the a good balance for this parameter is one of the most important aspects for generating meaningful output.\n\nThis parameter is also available with the same behaviour in the compact interface."
    },
    "decaytime": {
        "title": "Layer Decay Time",
        "description": "As briefly described under 'Decay Basis', matches from a previous time step has a degree of impact on the generation process for consecutive time steps. This parameter controls for how many events/how many beats (again, see 'Decay Basis' for more information) previous matches inpact the generation process."
    },
    "transconsistency": {
        "title": "Transposition Consistency",
        "description": "When using transpositions, the continuous transitions between different transpositions can in some cases (especially for tonal music due to the difference in function) make the generated result sound quite incoherent. This parameter can be used to attenuate other transpositions so that transitions between different tranpositions become less likely, thus only occuring if the match found in another transposition is much better than that of the current.\n\nRange: 1.0 (no attenuation = off) to 0.0 (full attenuation = enforce current transposition)"
    },
    "reinstantiate": {
        "title": "Reinstantiate",
        "description": "Pressing this button will delete the player from the server and recreate it. This button is useful if you for some reason have to restart the server or for some reason run into issues where you have to restart the system.\n\nWARNING: This is not real-time compatible (it may pause the server for several seconds while reloading, thus interrupting any performance) and should only be used if something goes terribly wrong!"
    },
    "oscport": {
        "title": "OSC Port",
        "description": "The Open Sound Control port used to communicate with the server. It is not recommended to modify this value unless you really have to change this because of conflicts with other devices using the same OSC port."
    },
    "reset": {
        "title": "Reset Influences",
        "description": "In some corpora with specific settings, it is possible to reach a state where the player is getting stuck in a loop, repeating the same set of states over and over again. Pressing this button will reset the runtime state of the player (remove all previous matches) without altering any of the set parameters.\n\nThis is perfectly safe to use in real-time!"
    }
}